username,email,password,lastname,firstname
tea1,tea@1demo.com,demo,陳,大名
tea2,tea@2demo.com,demo,里,阿飛
tea3,tea@3demo.com,demo,是,沙發
tea4,tea@4demo.com,demo,馮,第三
tea5,tea@5demo.com,demo,俄,大名
tea6,tea@6demo.com,demo,水,阿凡達
tea7,tea@7demo.com,demo,陳,水電費
tea8,tea@8demo.com,demo,陳,水電費
tea9,tea@9demo.com,demo,陳,十多個
tea10,tea@10demo.com,demo,陳,千萬人
tea11,tea@11demo.com,demo,陳,是個
tea12,tea@12demo.com,demo,陳,問過
tea13,tea@13demo.com,demo,陳,大名
tea14,tea@14demo.com,demo,陳,大名
tea15,tea@15demo.com,demo,陳,大名
tea16,tea@16demo.com,demo,陳,大名
tea17,tea@17demo.com,demo,陳,大名
tea18,tea@18demo.com,demo,陳,大名
tea19,tea@19demo.com,demo,陳,大名
tea20,tea@20demo.com,demo,陳,大名